Model,Accuracy,Correct,Single_Inference_Time,Batch_Time
Logistic Regression,100.0,30/30,4.100799560546875e-05,0.0001327991485595703
Decision Tree,100.0,30/30,2.6226043701171875e-05,4.482269287109375e-05
Support Vector,100.0,30/30,3.790855407714844e-05,0.0001010894775390625
